{"cameraMode":{"drawMode":0,"name":"Shaded","section":"Shading Mode"},"sceneLighting":false,"audioPlay":false,"sceneViewState":{"showFog":true,"showMaterialUpdate":true,"showSkybox":true,"showFlares":true,"showImageEffects":true,"showParticleSystems":true},"in2DMode":false,"pivot":{"x":0.025672119110822679,"y":0.0036753304302692415,"z":0.1312539279460907},"rotation":{"x":0.3193475008010864,"y":-0.5921643972396851,"z":0.2753961980342865,"w":0.6866698861122131},"size":0.6928737759590149,"orthographic":false}