{"cameraMode":{"drawMode":0,"name":"Shaded","section":"Shading Mode"},"sceneLighting":false,"audioPlay":false,"sceneViewState":{"showFog":true,"showMaterialUpdate":true,"showSkybox":true,"showFlares":true,"showImageEffects":true,"showParticleSystems":true},"in2DMode":false,"pivot":{"x":17.059999465942384,"y":-1.409999966621399,"z":2.490000009536743},"rotation":{"x":0.22889956831932069,"y":-0.39790433645248415,"z":0.10321889817714691,"w":0.8823961615562439},"size":3.777022361755371,"orthographic":false}