{"cameraMode":{"drawMode":0,"name":"Shaded","section":"Shading Mode"},"sceneLighting":true,"audioPlay":false,"sceneViewState":{"showFog":true,"showMaterialUpdate":true,"showSkybox":true,"showFlares":true,"showImageEffects":true,"showParticleSystems":true},"in2DMode":false,"pivot":{"x":15.161399841308594,"y":-3.0035300254821779,"z":14.791568756103516},"rotation":{"x":0.24106863141059876,"y":-0.4145068824291229,"z":0.11485739052295685,"w":0.8699871897697449},"size":20.272933959960939,"orthographic":false}