{"cameraMode":{"drawMode":0,"name":"Shaded","section":"Shading Mode"},"sceneLighting":true,"audioPlay":false,"sceneViewState":{"showFog":true,"showMaterialUpdate":true,"showSkybox":true,"showFlares":true,"showImageEffects":true,"showParticleSystems":true},"in2DMode":false,"pivot":{"x":9.688926696777344,"y":-2.2496726512908937,"z":13.058868408203125},"rotation":{"x":0.14021781086921693,"y":-0.8264671564102173,"z":0.2356983721256256,"w":0.49166786670684817},"size":8.777761459350586,"orthographic":false}