{"cameraMode":{"drawMode":0,"name":"Shaded","section":"Shading Mode"},"sceneLighting":true,"audioPlay":false,"sceneViewState":{"showFog":true,"showMaterialUpdate":true,"showSkybox":true,"showFlares":true,"showImageEffects":true,"showParticleSystems":true},"in2DMode":false,"pivot":{"x":22.94599151611328,"y":4.454954147338867,"z":11.495603561401368},"rotation":{"x":0.1559230387210846,"y":-0.6661994457244873,"z":0.14534993469715119,"w":0.71466064453125},"size":16.688072204589845,"orthographic":false}