{"cameraMode":{"drawMode":0,"name":"Shaded","section":"Shading Mode"},"sceneLighting":true,"audioPlay":false,"sceneViewState":{"showFog":true,"showMaterialUpdate":true,"showSkybox":true,"showFlares":true,"showImageEffects":true,"showParticleSystems":true},"in2DMode":false,"pivot":{"x":8.687179565429688,"y":-6.684937000274658,"z":17.42436408996582},"rotation":{"x":0.2359061986207962,"y":-0.2452259659767151,"z":0.061654165387153628,"w":0.9383023381233215},"size":21.466344833374025,"orthographic":false}