{"cameraMode":{"drawMode":0,"name":"Shaded","section":"Shading Mode"},"sceneLighting":true,"audioPlay":false,"sceneViewState":{"showFog":true,"showMaterialUpdate":true,"showSkybox":true,"showFlares":true,"showImageEffects":true,"showParticleSystems":true},"in2DMode":false,"pivot":{"x":9.072738647460938,"y":10.988975524902344,"z":-13.21744155883789},"rotation":{"x":0.22889956831932069,"y":-0.39790433645248415,"z":0.10321889817714691,"w":0.8823961615562439},"size":19.006906509399415,"orthographic":false}