{"cameraMode":{"drawMode":0,"name":"Shaded","section":"Shading Mode"},"sceneLighting":true,"audioPlay":false,"sceneViewState":{"showFog":true,"showMaterialUpdate":true,"showSkybox":true,"showFlares":true,"showImageEffects":true,"showParticleSystems":true},"in2DMode":false,"pivot":{"x":5.777425765991211,"y":-1.5187309980392457,"z":16.344276428222658},"rotation":{"x":0.08014025539159775,"y":-0.6779932379722595,"z":0.07475307583808899,"w":0.7268525958061218},"size":7.444501876831055,"orthographic":false}