{"cameraMode":{"drawMode":0,"name":"Shaded","section":"Shading Mode"},"sceneLighting":false,"audioPlay":false,"sceneViewState":{"showFog":true,"showMaterialUpdate":true,"showSkybox":true,"showFlares":true,"showImageEffects":true,"showParticleSystems":true},"in2DMode":false,"pivot":{"x":0.019288107752799989,"y":-0.001351785846054554,"z":0.12670652568340302},"rotation":{"x":0.3193475008010864,"y":-0.5921643972396851,"z":0.2753961980342865,"w":0.6866698861122131},"size":0.7306971549987793,"orthographic":false}