{"cameraMode":{"drawMode":0,"name":"Shaded","section":"Shading Mode"},"sceneLighting":true,"audioPlay":false,"sceneViewState":{"showFog":true,"showMaterialUpdate":true,"showSkybox":true,"showFlares":true,"showImageEffects":true,"showParticleSystems":true},"in2DMode":false,"pivot":{"x":296.1575012207031,"y":241.9951629638672,"z":-13.694915771484375},"rotation":{"x":0.1244557648897171,"y":-0.02295069396495819,"z":0.002879457315430045,"w":0.9919555187225342},"size":397.52349853515627,"orthographic":false}