{"cameraMode":{"drawMode":0,"name":"Shaded","section":"Shading Mode"},"sceneLighting":true,"audioPlay":false,"sceneViewState":{"showFog":true,"showMaterialUpdate":true,"showSkybox":true,"showFlares":true,"showImageEffects":true,"showParticleSystems":true},"in2DMode":false,"pivot":{"x":5.20835018157959,"y":0.4633636474609375,"z":7.704707622528076},"rotation":{"x":-0.29916706681251528,"y":0.3039531707763672,"z":-0.1011691465973854,"w":-0.8988194465637207},"size":12.829511642456055,"orthographic":false}