{"cameraMode":{"drawMode":0,"name":"Shaded","section":"Shading Mode"},"sceneLighting":true,"audioPlay":false,"sceneViewState":{"showFog":true,"showMaterialUpdate":true,"showSkybox":true,"showFlares":true,"showImageEffects":true,"showParticleSystems":true},"in2DMode":false,"pivot":{"x":11.752900123596192,"y":-5.183368682861328,"z":8.960259437561036},"rotation":{"x":0.22889956831932069,"y":-0.39790433645248415,"z":0.10321889817714691,"w":0.8823961615562439},"size":15.192024230957032,"orthographic":false}