{"cameraMode":{"drawMode":0,"name":"Shaded","section":"Shading Mode"},"sceneLighting":true,"audioPlay":false,"sceneViewState":{"showFog":true,"showMaterialUpdate":true,"showSkybox":true,"showFlares":true,"showImageEffects":true,"showParticleSystems":true},"in2DMode":false,"pivot":{"x":8.468396186828614,"y":-1.3578336238861085,"z":15.617618560791016},"rotation":{"x":0.1626419574022293,"y":-0.7126049399375916,"z":0.17575615644454957,"w":0.6594328284263611},"size":8.777761459350586,"orthographic":false}