{"cameraMode":{"drawMode":0,"name":"Shaded","section":"Shading Mode"},"sceneLighting":false,"audioPlay":false,"sceneViewState":{"showFog":true,"showMaterialUpdate":true,"showSkybox":true,"showFlares":true,"showImageEffects":true,"showParticleSystems":true},"in2DMode":false,"pivot":{"x":0.02193267270922661,"y":0.0010947119444608689,"z":0.12003304064273834},"rotation":{"x":0.24573875963687898,"y":-0.752410352230072,"z":0.4006626009941101,"w":0.4614766240119934},"size":0.7112119197845459,"orthographic":false}