{"cameraMode":{"drawMode":0,"name":"Shaded","section":"Shading Mode"},"sceneLighting":true,"audioPlay":false,"sceneViewState":{"showFog":true,"showMaterialUpdate":true,"showSkybox":true,"showFlares":true,"showImageEffects":true,"showParticleSystems":true},"in2DMode":false,"pivot":{"x":374.1673583984375,"y":245.7418975830078,"z":103.58905029296875},"rotation":{"x":0.09737784415483475,"y":-0.0752001628279686,"z":0.00737888365983963,"w":0.9923750162124634},"size":819.7822875976563,"orthographic":false}