{"cameraMode":{"drawMode":0,"name":"Shaded","section":"Shading Mode"},"sceneLighting":true,"audioPlay":false,"sceneViewState":{"showFog":true,"showMaterialUpdate":true,"showSkybox":true,"showFlares":true,"showImageEffects":true,"showParticleSystems":true},"in2DMode":false,"pivot":{"x":17.79460334777832,"y":-1.4038581848144532,"z":13.323509216308594},"rotation":{"x":-0.22715039551258088,"y":0.46865174174308779,"z":-0.1260833591222763,"w":-0.8443170785903931},"size":26.031816482543947,"orthographic":false}