{"cameraMode":{"drawMode":0,"name":"Shaded","section":"Shading Mode"},"sceneLighting":true,"audioPlay":false,"sceneViewState":{"showFog":true,"showMaterialUpdate":true,"showSkybox":true,"showFlares":true,"showImageEffects":true,"showParticleSystems":true},"in2DMode":false,"pivot":{"x":-1.3074921369552613,"y":0.7422425746917725,"z":4.806375980377197},"rotation":{"x":0.06255683302879334,"y":-0.32899144291877749,"z":0.021847857162356378,"w":0.9420053362846375},"size":3.3491313457489015,"orthographic":false}