{"cameraMode":{"drawMode":0,"name":"Shaded","section":"Shading Mode"},"sceneLighting":false,"audioPlay":false,"sceneViewState":{"showFog":true,"showMaterialUpdate":true,"showSkybox":true,"showFlares":true,"showImageEffects":true,"showParticleSystems":true},"in2DMode":false,"pivot":{"x":-0.017515182495117189,"y":0.14344675838947297,"z":-0.07039781659841538},"rotation":{"x":0.10772062838077545,"y":-0.7718433141708374,"z":0.1359216421842575,"w":0.6117020845413208},"size":0.44993674755096438,"orthographic":false}