{"cameraMode":{"drawMode":0,"name":"Shaded","section":"Shading Mode"},"sceneLighting":true,"audioPlay":false,"sceneViewState":{"showFog":true,"showMaterialUpdate":true,"showSkybox":true,"showFlares":true,"showImageEffects":true,"showParticleSystems":true},"in2DMode":false,"pivot":{"x":1.4615323543548585,"y":-1.4739184379577637,"z":6.683504104614258},"rotation":{"x":0.2648385763168335,"y":-0.07224150002002716,"z":0.0199010968208313,"w":0.961376965045929},"size":9.374114990234375,"orthographic":false}