{"cameraMode":{"drawMode":0,"name":"Shaded","section":"Shading Mode"},"sceneLighting":true,"audioPlay":false,"sceneViewState":{"showFog":true,"showMaterialUpdate":true,"showSkybox":true,"showFlares":true,"showImageEffects":true,"showParticleSystems":true},"in2DMode":false,"pivot":{"x":16.487024307250978,"y":-0.43765151500701907,"z":3.501441717147827},"rotation":{"x":0.1883702278137207,"y":-0.16619186103343965,"z":0.03236072137951851,"w":0.9673932790756226},"size":4.077022552490234,"orthographic":false}